filename,object_location,image_small,image_thumb
demo_005.txt,/objects/demo_005.txt,,
demo_012.md,/objects/demo_012.md,,
demo_132.jpg,/objects/demo_132.jpg,/objects/small/demo_132_sm.jpg,/objects/thumbs/demo_132_th.jpg
demo_133.jpg,/objects/demo_133.jpg,/objects/small/demo_133_sm.jpg,/objects/thumbs/demo_133_th.jpg
demo_134.jpg,/objects/demo_134.jpg,/objects/small/demo_134_sm.jpg,/objects/thumbs/demo_134_th.jpg
demo_135.jpeg,/objects/demo_135.jpeg,/objects/small/demo_135_sm.jpg,/objects/thumbs/demo_135_th.jpg
demo_136.jpg,/objects/demo_136.jpg,/objects/small/demo_136_sm.jpg,/objects/thumbs/demo_136_th.jpg
demo_137.jpg,/objects/demo_137.jpg,/objects/small/demo_137_sm.jpg,/objects/thumbs/demo_137_th.jpg
demo_138.jpg,/objects/demo_138.jpg,/objects/small/demo_138_sm.jpg,/objects/thumbs/demo_138_th.jpg
survmem_logo_low.jpeg,/objects/survmem_logo_low.jpeg,/objects/small/survmem_logo_low_sm.jpg,/objects/thumbs/survmem_logo_low_th.jpg
survmem_logo_low.png,/objects/survmem_logo_low.png,/objects/small/survmem_logo_low_sm.jpg,/objects/thumbs/survmem_logo_low_th.jpg
survmem_logo_med.jpeg,/objects/survmem_logo_med.jpeg,/objects/small/survmem_logo_med_sm.jpg,/objects/thumbs/survmem_logo_med_th.jpg
survmem_logo_med.png,/objects/survmem_logo_med.png,/objects/small/survmem_logo_med_sm.jpg,/objects/thumbs/survmem_logo_med_th.jpg
survmem_tree_low.png,/objects/survmem_tree_low.png,/objects/small/survmem_tree_low_sm.jpg,/objects/thumbs/survmem_tree_low_th.jpg
survmem_tree_med.jpeg,/objects/survmem_tree_med.jpeg,/objects/small/survmem_tree_med_sm.jpg,/objects/thumbs/survmem_tree_med_th.jpg
